<?xml version="1.0" encoding="utf-8"?>
<xml><item><Nama>Mesut Özil</Nama><Posisi>Midfielder</Posisi><Gaji>180000</Gaji><Nilai>46742815</Nilai></item><item><Nama>David Silva</Nama><Posisi>Midfielder</Posisi><Gaji>160000</Gaji><Nilai>36253088</Nilai></item><item><Nama>Leighton Baines</Nama><Posisi>Defender</Posisi><Gaji>40000</Gaji><Nilai>19064384</Nilai></item><item><Nama>Asmir Begovic</Nama><Posisi>Goalkeeper</Posisi><Gaji>18000</Gaji><Nilai>6332326</Nilai></item><item><Nama>Wayne Rooney</Nama><Posisi>Forward</Posisi><Gaji>180000</Gaji><Nilai>36237861</Nilai></item><item><Nama>Steven Caulker</Nama><Posisi>Defender</Posisi><Gaji>15000</Gaji><Nilai>8443717</Nilai></item><item><Nama>Paulinho</Nama><Posisi>Midfielder</Posisi><Gaji>94575</Gaji><Nilai>17914829</Nilai></item><item><Nama>Gylfi Sigurdsson</Nama><Posisi>Midfielder</Posisi><Gaji>73725</Gaji><Nilai>6715987</Nilai></item><item><Nama>Jan Vertonghen</Nama><Posisi>Defender</Posisi><Gaji>39000</Gaji><Nilai>19087210</Nilai></item><item><Nama>David Marshall</Nama><Posisi>Goalkeeper</Posisi><Gaji>8000</Gaji><Nilai>1386043</Nilai></item><item><Nama>Hugo Lloris</Nama><Posisi>Goalkeeper</Posisi><Gaji>80000</Gaji><Nilai>14552017</Nilai></item></xml>
