<?xml version="1.0" encoding="utf-8"?>
<xml><item><id>1</id><nama>Mesut Özil</nama><nomor>94</nomor></item><item><id>2</id><nama>David Silva</nama><nomor>66</nomor></item><item><id>3</id><nama>Leighton Baines</nama><nomor>39</nomor></item><item><id>4</id><nama>Asmir Begovic</nama><nomor>93</nomor></item><item><id>5</id><nama>Wayne Rooney</nama><nomor>42</nomor></item><item><id>6</id><nama>Steven Caulker</nama><nomor>21</nomor></item><item><id>7</id><nama>Paulinho</nama><nomor>75</nomor></item><item><id>8</id><nama>Gylfi Sigurdsson</nama><nomor>44</nomor></item><item><id>9</id><nama>Jan Vertonghen</nama><nomor>97</nomor></item><item><id>10</id><nama>David Marshall</nama><nomor>2</nomor></item><item><id>11</id><nama>Hugo Lloris</nama><nomor>90</nomor></item></xml>
